column1,column2
0.9205575869573326,0.9844845440771467
0.8774359279211629,0.6073137153059327
0.5401595290576042,0.6824271387788368
